{"cameraMode":{"drawMode":0,"name":"Shaded","section":"Shading Mode"},"sceneLighting":true,"audioPlay":false,"sceneViewState":{"m_AlwaysRefresh":false,"showFog":true,"showSkybox":true,"showFlares":true,"showImageEffects":true,"showParticleSystems":true,"showVisualEffectGraphs":true,"m_FxEnabled":true},"in2DMode":false,"pivot":{"x":418.7791442871094,"y":194.54660034179688,"z":-239.2357177734375},"rotation":{"x":0.12376977503299713,"y":0.10576946288347244,"z":-0.01326830219477415,"w":0.9865890741348267},"size":131.1324462890625,"orthographic":false}